category,insight,evidence_metric,evidence_value,interpretation,limitation
KEY_FINDING,"The market median retail price is ₹18,999, with strong right-skewness up to ₹2,29,900.",Median Price vs. Mean Price,"Median: ₹18,999.00 | Mean: ₹29,424.09 | Max: ₹229,900.00","The majority of smartphone models are targeted at the budget and mid-range tiers, while premium flagships exert substantial upward leverage on mean pricing.",Cross-sectional retail catalog snapshot in INR; does not reflect sales-weighted average price.
KEY_FINDING,"5G connectivity has achieved universal saturation in catalog listings above ₹20,000.",5G Penetration by Price Tier,Overall: 86.68% | Lower-Mid (10k-20k): 96.0% | Mid-Range+ (>=20k): 100.0%,5G is no longer a premium differentiator; it has transitioned into a mandatory baseline requirement for all mainstream devices.,"Indicates manufacturer catalog provisioning, not consumer cellular network subscription rates."
KEY_FINDING,NFC adoption remains heavily stratified and acts as a price-tier gatekeeper.,NFC Penetration by Price Tier,Budget (<10k): 5.3% | Lower-Mid (10k-20k): 20.9% | Flagship (>=60k): 100.0%,"Manufacturers deliberately restrict NFC hardware to upper-mid and premium tiers, creating an artificial hardware barrier for digital transit and tap-to-pay services.","Refers only to hardware chipset inclusion, not consumer transaction volumes."
KEY_FINDING,CPU clock speed and internal storage are the primary hardware attributes associated with retail price.,Correlation and Regression Coefficients,Clock Speed: r = 0.784 (coef +0.258) | Storage: r = 0.754 (coef +0.244),Manufacturers structure pricing ladders predominantly around compute performance tiering and storage stepping intervals.,"Demonstrates econometric market price associations, not underlying component fabrication costs."
KEY_FINDING,The market catalog is heavily concentrated among three dominant brands and one silicon provider.,Catalog SKU Share,Realme (17.7%) + Samsung (13.7%) + Vivo (12.4%) = 43.8% | MediaTek: 51.2%,A small group of OEMs and MediaTek silicon (specifically Dimensity 6300) anchor the high-volume lower-mid tier.,"Measures catalog offering breadth and SKU density, not retail unit sales volume or brand revenue share."
RISK,"Potential 4G technology-positioning risk exists for 11 Lower-Mid models priced between ₹10,000 and ₹14,850.",4G Models in Lower-Mid Saturated 5G Tiers,"11 models in Lower-Mid (₹10,000–₹14,850) lack 5G (where 96.0% of tier peers offer 5G)",Devices lacking 5G in price bands where 5G is the overwhelming catalog standard face an acute specification deficit against competitors.,Some models may target niche offline regions or prioritize specialized optics over cellular modems.
RISK,Severe catalog overcrowding in the Lower-Mid (₹10k–₹20k) corridor presents potential brand cannibalization risk.,Price Tier Catalog Share & Silicon Overlap,277 models (36.54% of catalog) | 117 models share identical Dimensity 6300 SoC,Excessive SKU proliferation with near-identical technical specifications risks margin compression and consumer decision fatigue.,"Without retail sales velocity data, internal revenue cannibalization cannot be quantified directly."
RISK,Certain models exhibit hedonic overpricing relative to their technical/specification rating scores.,Pricing Residuals vs. Technical Rating Score,Select models carry listed retail prices >35% above hedonic predicted value with rating < 80.0,Models with large positive price residuals but below-median spec ratings present lower specification value propositions relative to dataset norms.,"The model prices technical specs only; it cannot account for premium industrial design, brand equity, or bundled accessories."
OPPORTUNITY,"Evaluating NFC integration in sub-₹15,000 smartphones addresses significant untapped catalog whitespace.",Sub-₹15k NFC Adoption Rate,"Only 7.9% of models under ₹15,000 currently feature NFC",Offering NFC in affordable devices provides an impactful positioning differentiator for growing contactless payment and transit ecosystems.,Data-indicated feature gap; actual consumer adoption depends on regional POS infrastructure.
OPPORTUNITY,"Evaluating hyper-fast charging (>=67W) in the ₹10,000–₹15,000 corridor offers specification differentiation.",High-Wattage Charging Share in Entry-Mid,Only 4.6% of sub-₹15k models offer >=67W charging (tier median is 18W–33W),"Fast charging is near-universally advertised (98.4%), but high wattage remains scarce in budget tiers, making 67W a compelling spec advantage.","Higher charging wattage requires thermal management and certified adapter bundling, which impacts bill of materials."
OPPORTUNITY,"A specification-focused 5G + 120Hz display corridor exists in the ₹9,000–₹12,000 bracket.","Models with 5G and 120Hz under ₹12,000","Only 14 models combine both 5G and 120Hz below ₹12,000","A focused product combining modern display fluidity and 5G networking under ₹12,000 addresses a distinct specification opportunity corridor.",Indicates catalog whitespace; component supply chain pricing will dictate unit margins.
ACTION,"Evaluate 5G as a baseline specification for products above ₹12,000, given the observed 5G representation in the analyzed catalog.",5G Adoption Baseline,96.0% adoption in ₹10k–₹20k tier; 100% adoption above ₹20k,Aligning product roadmaps with the catalog baseline avoids launching non-competitive 4G products into saturated 5G segments.,Potential action for product planning evaluation; regional market requirements should be confirmed.
ACTION,"Evaluate selective NFC inclusion in the ₹12,000–₹16,000 corridor for urban contactless utility based on observed whitespace.",NFC Adoption Inflection Point,NFC jumps from 20.9% in Lower-Mid to 80.8% in Upper-Mid,Addresses urban segments seeking contactless tap-and-pay convenience at an accessible retail price point.,Potential action; bill-of-materials cost of NFC controller and antenna should be evaluated in financial planning.
ACTION,"Evaluate portfolio differentiation and SKU rationalization in the crowded ₹10,000–₹20,000 corridor to mitigate catalog cannibalization.",Lower-Mid Catalog Crowding,277 models (36.5% of catalog) with 117 models sharing Dimensity 6300,"Reducing minor spec variants lowers inventory complexity and focuses marketing on distinct, differentiated devices.",Potential action; retail distribution agreements may require specific partner SKUs.
ACTION,"Consider structured storage upgrade pricing intervals of ₹2,000 to ₹3,500 based on econometric storage coefficients.",Storage Hedonic Regression Coefficient,Standardized coef +0.244 | r = 0.754 with retail price,Controlled storage step-pricing (e.g. 128GB to 256GB) aligns with observed price stepping while managing memory upgrade margins.,Potential action; NAND flash spot market price volatility should be factored into contract evaluations.
ACTION,"Evaluate a 45W charging baseline for products above ₹18,000 based on observed charging characteristics in the analyzed catalog.",Charging Wattage Distribution,Median charging wattage is 44W; Mid-Range (₹20k–₹35k) median reaches 67W,Supports mid-tier devices in maintaining specification parity with segment leaders offering 67W–80W charging.,Potential action; depends on battery safety certifications and adapter bundling strategy.
